p(MPa),E(MPa),rho(mg/mm3)
0.0,1538.40,0.80429
0.1,1538.86,0.80434
0.2,1539.33,0.80439
0.3,1539.81,0.80444
0.4,1540.30,0.80450
0.5,1540.80,0.80455
0.6,1541.30,0.80460
0.7,1541.81,0.80465
0.8,1542.31,0.80470
0.9,1542.81,0.80476
1.0,1543.30,0.80481
1.1,1543.78,0.80486
1.2,1544.26,0.80491
1.3,1544.74,0.80496
1.4,1545.21,0.80502
1.5,1545.70,0.80507
1.6,1546.20,0.80512
1.7,1546.70,0.80517
1.8,1547.20,0.80523
1.9,1547.70,0.80528
2.0,1548.20,0.80533
2.1,1548.69,0.80538
2.2,1549.17,0.80543
2.3,1549.64,0.80549
2.4,1550.12,0.80554
2.5,1550.60,0.80559
2.6,1551.09,0.80564
2.7,1551.59,0.80569
2.8,1552.09,0.80574
2.9,1552.59,0.80580
3.0,1553.10,0.80585
3.1,1553.61,0.80590
3.2,1554.11,0.80595
3.3,1554.61,0.80600
3.4,1555.11,0.80606
3.5,1555.60,0.80611
3.6,1556.08,0.80616
3.7,1556.56,0.80621
3.8,1557.04,0.80626
3.9,1557.52,0.80632
4.0,1558.00,0.80637
4.1,1558.49,0.80642
4.2,1558.99,0.80647
4.3,1559.49,0.80652
4.4,1560.00,0.80657
4.5,1560.50,0.80663
4.6,1561.00,0.80668
4.7,1561.50,0.80673
4.8,1562.00,0.80678
4.9,1562.50,0.80683
5.0,1563.00,0.80688
5.1,1563.50,0.80694
5.2,1564.00,0.80699
5.3,1564.50,0.80704
5.4,1565.00,0.80709
5.5,1565.50,0.80714
5.6,1566.00,0.80719
5.7,1566.50,0.80724
5.8,1567.00,0.80730
5.9,1567.50,0.80735
6.0,1568.00,0.80740
6.1,1568.50,0.80745
6.2,1569.00,0.80750
6.3,1569.50,0.80755
6.4,1570.00,0.80761
6.5,1570.50,0.80766
6.6,1571.00,0.80771
6.7,1571.50,0.80776
6.8,1572.00,0.80781
6.9,1572.50,0.80786
7.0,1573.00,0.80791
7.1,1573.50,0.80797
7.2,1574.00,0.80802
7.3,1574.50,0.80807
7.4,1575.00,0.80812
7.5,1575.50,0.80817
7.6,1576.00,0.80822
7.7,1576.49,0.80827
7.8,1576.99,0.80832
7.9,1577.49,0.80838
8.0,1578.00,0.80843
8.1,1578.52,0.80848
8.2,1579.04,0.80853
8.3,1579.56,0.80858
8.4,1580.08,0.80863
8.5,1580.60,0.80868
8.6,1581.11,0.80873
8.7,1581.61,0.80879
8.8,1582.11,0.80884
8.9,1582.61,0.80889
9.0,1583.10,0.80894
9.1,1583.59,0.80899
9.2,1584.09,0.80904
9.3,1584.59,0.80909
9.4,1585.09,0.80914
9.5,1585.60,0.80919
9.6,1586.12,0.80924
9.7,1586.64,0.80930
9.8,1587.16,0.80935
9.9,1587.69,0.80940
10.0,1588.20,0.80945
10.1,1588.71,0.80950
10.2,1589.20,0.80955
10.3,1589.70,0.80960
10.4,1590.20,0.80965
10.5,1590.70,0.80970
10.6,1591.21,0.80975
10.7,1591.73,0.80981
10.8,1592.25,0.80986
10.9,1592.77,0.80991
11.0,1593.30,0.80996
11.1,1593.83,0.81001
11.2,1594.35,0.81006
11.3,1594.87,0.81011
11.4,1595.39,0.81016
11.5,1595.90,0.81021
11.6,1596.40,0.81026
11.7,1596.90,0.81031
11.8,1597.40,0.81036
11.9,1597.90,0.81041
12.0,1598.40,0.81047
12.1,1598.91,0.81052
12.2,1599.43,0.81057
12.3,1599.95,0.81062
12.4,1600.48,0.81067
12.5,1601.00,0.81072
12.6,1601.52,0.81077
12.7,1602.04,0.81082
12.8,1602.56,0.81087
12.9,1603.08,0.81092
13.0,1603.60,0.81097
13.1,1604.12,0.81102
13.2,1604.64,0.81107
13.3,1605.16,0.81112
13.4,1605.68,0.81117
13.5,1606.20,0.81122
13.6,1606.73,0.81128
13.7,1607.25,0.81133
13.8,1607.77,0.81138
13.9,1608.29,0.81143
14.0,1608.80,0.81148
14.1,1609.30,0.81153
14.2,1609.79,0.81158
14.3,1610.29,0.81163
14.4,1610.79,0.81168
14.5,1611.30,0.81173
14.6,1611.83,0.81178
14.7,1612.37,0.81183
14.8,1612.91,0.81188
14.9,1613.46,0.81193
15.0,1614.00,0.81198
15.1,1614.53,0.81203
15.2,1615.05,0.81208
15.3,1615.57,0.81213
15.4,1616.09,0.81218
15.5,1616.60,0.81223
15.6,1617.12,0.81228
15.7,1617.64,0.81233
15.8,1618.16,0.81238
15.9,1618.68,0.81243
16.0,1619.20,0.81248
16.1,1619.72,0.81253
16.2,1620.24,0.81258
16.3,1620.76,0.81263
16.4,1621.28,0.81268
16.5,1621.80,0.81273
16.6,1622.32,0.81278
16.7,1622.83,0.81283
16.8,1623.35,0.81288
16.9,1623.87,0.81293
17.0,1624.40,0.81298
17.1,1624.94,0.81303
17.2,1625.48,0.81308
17.3,1626.02,0.81313
17.4,1626.57,0.81318
17.5,1627.10,0.81323
17.6,1627.62,0.81328
17.7,1628.14,0.81333
17.8,1628.66,0.81338
17.9,1629.17,0.81343
18.0,1629.70,0.81348
18.1,1630.24,0.81353
18.2,1630.78,0.81358
18.3,1631.32,0.81363
18.4,1631.86,0.81368
18.5,1632.40,0.81373
18.6,1632.92,0.81378
18.7,1633.44,0.81383
18.8,1633.96,0.81388
18.9,1634.48,0.81393
19.0,1635.00,0.81398
19.1,1635.53,0.81403
19.2,1636.08,0.81408
19.3,1636.62,0.81413
19.4,1637.16,0.81418
19.5,1637.70,0.81423
19.6,1638.23,0.81428
19.7,1638.74,0.81433
19.8,1639.26,0.81438
19.9,1639.78,0.81443
20.0,1640.30,0.81448
20.1,1640.83,0.81453
20.2,1641.37,0.81458
20.3,1641.91,0.81463
20.4,1642.46,0.81468
20.5,1643.00,0.81473
20.6,1643.54,0.81478
20.7,1644.08,0.81483
20.8,1644.62,0.81488
20.9,1645.16,0.81493
21.0,1645.70,0.81498
21.1,1646.24,0.81503
21.2,1646.78,0.81507
21.3,1647.32,0.81512
21.4,1647.86,0.81517
21.5,1648.40,0.81522
21.6,1648.94,0.81527
21.7,1649.48,0.81532
21.8,1650.02,0.81537
21.9,1650.56,0.81542
22.0,1651.10,0.81547
22.1,1651.64,0.81552
22.2,1652.18,0.81557
22.3,1652.72,0.81562
22.4,1653.26,0.81567
22.5,1653.80,0.81572
22.6,1654.34,0.81577
22.7,1654.88,0.81582
22.8,1655.42,0.81587
22.9,1655.96,0.81591
23.0,1656.50,0.81596
23.1,1657.04,0.81601
23.2,1657.58,0.81606
23.3,1658.12,0.81611
23.4,1658.66,0.81616
23.5,1659.20,0.81621
23.6,1659.74,0.81626
23.7,1660.28,0.81631
23.8,1660.82,0.81636
23.9,1661.36,0.81641
24.0,1661.90,0.81646
24.1,1662.44,0.81650
24.2,1662.97,0.81655
24.3,1663.51,0.81660
24.4,1664.05,0.81665
24.5,1664.60,0.81670
24.6,1665.16,0.81675
24.7,1665.72,0.81680
24.8,1666.28,0.81685
24.9,1666.84,0.81690
25.0,1667.40,0.81695
25.1,1667.95,0.81700
25.2,1668.49,0.81704
25.3,1669.03,0.81709
25.4,1669.57,0.81714
25.5,1670.10,0.81719
25.6,1670.63,0.81724
25.7,1671.17,0.81729
25.8,1671.71,0.81734
25.9,1672.25,0.81739
26.0,1672.80,0.81744
26.1,1673.36,0.81748
26.2,1673.92,0.81753
26.3,1674.48,0.81758
26.4,1675.05,0.81763
26.5,1675.60,0.81768
26.6,1676.15,0.81773
26.7,1676.68,0.81778
26.8,1677.22,0.81783
26.9,1677.76,0.81787
27.0,1678.30,0.81792
27.1,1678.85,0.81797
27.2,1679.41,0.81802
27.3,1679.97,0.81807
27.4,1680.54,0.81812
27.5,1681.10,0.81817
27.6,1681.66,0.81822
27.7,1682.22,0.81826
27.8,1682.78,0.81831
27.9,1683.34,0.81836
28.0,1683.90,0.81841
28.1,1684.46,0.81846
28.2,1685.02,0.81851
28.3,1685.58,0.81856
28.4,1686.14,0.81860
28.5,1686.70,0.81865
28.6,1687.26,0.81870
28.7,1687.83,0.81875
28.8,1688.39,0.81880
28.9,1688.95,0.81885
29.0,1689.50,0.81890
29.1,1690.04,0.81894
29.2,1690.58,0.81899
29.3,1691.12,0.81904
29.4,1691.66,0.81909
29.5,1692.20,0.81914
29.6,1692.75,0.81919
29.7,1693.31,0.81923
29.8,1693.87,0.81928
29.9,1694.44,0.81933
30.0,1695.00,0.81938
30.1,1695.56,0.81943
30.2,1696.11,0.81948
30.3,1696.67,0.81952
30.4,1697.23,0.81957
30.5,1697.80,0.81962
30.6,1698.38,0.81967
30.7,1698.96,0.81972
30.8,1699.54,0.81977
30.9,1700.12,0.81981
31.0,1700.70,0.81986
31.1,1701.27,0.81991
31.2,1701.83,0.81996
31.3,1702.39,0.82001
31.4,1702.94,0.82006
31.5,1703.50,0.82010
31.6,1704.06,0.82015
31.7,1704.62,0.82020
31.8,1705.18,0.82025
31.9,1705.74,0.82030
32.0,1706.30,0.82034
32.1,1706.86,0.82039
32.2,1707.41,0.82044
32.3,1707.97,0.82049
32.4,1708.53,0.82054
32.5,1709.10,0.82058
32.6,1709.68,0.82063
32.7,1710.26,0.82068
32.8,1710.84,0.82073
32.9,1711.43,0.82078
33.0,1712.00,0.82082
33.1,1712.57,0.82087
33.2,1713.12,0.82092
33.3,1713.68,0.82097
33.4,1714.24,0.82102
33.5,1714.80,0.82106
33.6,1715.37,0.82111
33.7,1715.95,0.82116
33.8,1716.53,0.82121
33.9,1717.11,0.82125
34.0,1717.70,0.82130
34.1,1718.29,0.82135
34.2,1718.87,0.82140
34.3,1719.45,0.82145
34.4,1720.03,0.82149
34.5,1720.60,0.82154
34.6,1721.16,0.82159
34.7,1721.72,0.82164
34.8,1722.28,0.82168
34.9,1722.84,0.82173
35.0,1723.40,0.82178
35.1,1723.97,0.82183
35.2,1724.55,0.82188
35.3,1725.13,0.82192
35.4,1725.72,0.82197
35.5,1726.30,0.82202
35.6,1726.88,0.82207
35.7,1727.46,0.82211
35.8,1728.04,0.82216
35.9,1728.62,0.82221
36.0,1729.20,0.82226
36.1,1729.78,0.82230
36.2,1730.36,0.82235
36.3,1730.94,0.82240
36.4,1731.52,0.82245
36.5,1732.10,0.82249
36.6,1732.68,0.82254
36.7,1733.26,0.82259
36.8,1733.84,0.82264
36.9,1734.42,0.82268
37.0,1735.00,0.82273
37.1,1735.58,0.82278
37.2,1736.16,0.82283
37.3,1736.74,0.82287
37.4,1737.32,0.82292
37.5,1737.90,0.82297
37.6,1738.48,0.82302
37.7,1739.06,0.82306
37.8,1739.64,0.82311
37.9,1740.22,0.82316
38.0,1740.80,0.82320
38.1,1741.38,0.82325
38.2,1741.95,0.82330
38.3,1742.53,0.82335
38.4,1743.11,0.82339
38.5,1743.70,0.82344
38.6,1744.30,0.82349
38.7,1744.90,0.82354
38.8,1745.50,0.82358
38.9,1746.10,0.82363
39.0,1746.70,0.82368
39.1,1747.29,0.82372
39.2,1747.87,0.82377
39.3,1748.45,0.82382
39.4,1749.03,0.82387
39.5,1749.60,0.82391
39.6,1750.17,0.82396
39.7,1750.75,0.82401
39.8,1751.33,0.82405
39.9,1751.91,0.82410
40.0,1752.50,0.82415
40.1,1753.10,0.82420
40.2,1753.70,0.82424
40.3,1754.30,0.82429
40.4,1754.91,0.82434
40.5,1755.50,0.82438
40.6,1756.09,0.82443
40.7,1756.66,0.82448
40.8,1757.24,0.82452
40.9,1757.82,0.82457
41.0,1758.40,0.82462
41.1,1758.99,0.82466
41.2,1759.59,0.82471
41.3,1760.19,0.82476
41.4,1760.80,0.82481
41.5,1761.40,0.82485
41.6,1762.00,0.82490
41.7,1762.60,0.82495
41.8,1763.20,0.82499
41.9,1763.80,0.82504
42.0,1764.40,0.82509
42.1,1765.00,0.82513
42.2,1765.60,0.82518
42.3,1766.20,0.82523
42.4,1766.80,0.82527
42.5,1767.40,0.82532
42.6,1768.00,0.82537
42.7,1768.60,0.82541
42.8,1769.20,0.82546
42.9,1769.80,0.82551
43.0,1770.40,0.82555
43.1,1771.00,0.82560
43.2,1771.60,0.82565
43.3,1772.20,0.82569
43.4,1772.80,0.82574
43.5,1773.40,0.82579
43.6,1774.00,0.82583
43.7,1774.60,0.82588
43.8,1775.20,0.82593
43.9,1775.80,0.82597
44.0,1776.40,0.82602
44.1,1777.00,0.82607
44.2,1777.60,0.82611
44.3,1778.20,0.82616
44.4,1778.80,0.82620
44.5,1779.40,0.82625
44.6,1780.00,0.82630
44.7,1780.60,0.82634
44.8,1781.20,0.82639
44.9,1781.80,0.82644
45.0,1782.40,0.82648
45.1,1783.00,0.82653
45.2,1783.59,0.82658
45.3,1784.19,0.82662
45.4,1784.79,0.82667
45.5,1785.40,0.82671
45.6,1786.02,0.82676
45.7,1786.64,0.82681
45.8,1787.26,0.82685
45.9,1787.89,0.82690
46.0,1788.50,0.82695
46.1,1789.10,0.82699
46.2,1789.70,0.82704
46.3,1790.30,0.82708
46.4,1790.90,0.82713
46.5,1791.50,0.82718
46.6,1792.11,0.82722
46.7,1792.74,0.82727
46.8,1793.36,0.82732
46.9,1793.98,0.82736
47.0,1794.60,0.82741
47.1,1795.21,0.82745
47.2,1795.81,0.82750
47.3,1796.40,0.82755
47.4,1797.00,0.82759
47.5,1797.60,0.82764
47.6,1798.21,0.82768
47.7,1798.83,0.82773
47.8,1799.45,0.82778
47.9,1800.07,0.82782
48.0,1800.70,0.82787
48.1,1801.33,0.82791
48.2,1801.95,0.82796
48.3,1802.57,0.82801
48.4,1803.19,0.82805
48.5,1803.80,0.82810
48.6,1804.40,0.82814
48.7,1805.00,0.82819
48.8,1805.60,0.82824
48.9,1806.20,0.82828
49.0,1806.80,0.82833
49.1,1807.41,0.82837
49.2,1808.03,0.82842
49.3,1808.65,0.82846
49.4,1809.28,0.82851
49.5,1809.90,0.82856
49.6,1810.52,0.82860
49.7,1811.15,0.82865
49.8,1811.77,0.82869
49.9,1812.38,0.82874
50.0,1813.00,0.82879
50.1,1813.62,0.82883
50.2,1814.23,0.82888
50.3,1814.85,0.82892
50.4,1815.47,0.82897
50.5,1816.10,0.82901
50.6,1816.74,0.82906
50.7,1817.38,0.82910
50.8,1818.02,0.82915
50.9,1818.66,0.82920
51.0,1819.30,0.82924
51.1,1819.93,0.82929
51.2,1820.55,0.82933
51.3,1821.17,0.82938
51.4,1821.79,0.82942
51.5,1822.40,0.82947
51.6,1823.01,0.82951
51.7,1823.63,0.82956
51.8,1824.25,0.82961
51.9,1824.87,0.82965
52.0,1825.50,0.82970
52.1,1826.14,0.82974
52.2,1826.78,0.82979
52.3,1827.43,0.82983
52.4,1828.07,0.82988
52.5,1828.70,0.82992
52.6,1829.32,0.82997
52.7,1829.94,0.83001
52.8,1830.56,0.83006
52.9,1831.17,0.83011
53.0,1831.80,0.83015
53.1,1832.44,0.83020
53.2,1833.08,0.83024
53.3,1833.72,0.83029
53.4,1834.36,0.83033
53.5,1835.00,0.83038
53.6,1835.63,0.83042
53.7,1836.24,0.83047
53.8,1836.86,0.83051
53.9,1837.48,0.83056
54.0,1838.10,0.83060
54.1,1838.73,0.83065
54.2,1839.37,0.83069
54.3,1840.01,0.83074
54.4,1840.66,0.83078
54.5,1841.30,0.83083
54.6,1841.94,0.83087
54.7,1842.58,0.83092
54.8,1843.22,0.83096
54.9,1843.86,0.83101
55.0,1844.50,0.83105
55.1,1845.14,0.83110
55.2,1845.78,0.83114
55.3,1846.42,0.83119
55.4,1847.06,0.83123
55.5,1847.70,0.83128
55.6,1848.34,0.83132
55.7,1848.98,0.83137
55.8,1849.62,0.83141
55.9,1850.26,0.83146
56.0,1850.90,0.83150
56.1,1851.54,0.83155
56.2,1852.18,0.83159
56.3,1852.82,0.83164
56.4,1853.46,0.83168
56.5,1854.10,0.83173
56.6,1854.74,0.83177
56.7,1855.37,0.83182
56.8,1856.01,0.83186
56.9,1856.65,0.83191
57.0,1857.30,0.83195
57.1,1857.96,0.83200
57.2,1858.62,0.83204
57.3,1859.28,0.83209
57.4,1859.94,0.83213
57.5,1860.60,0.83218
57.6,1861.25,0.83222
57.7,1861.89,0.83227
57.8,1862.53,0.83231
57.9,1863.17,0.83236
58.0,1863.80,0.83240
58.1,1864.43,0.83244
58.2,1865.07,0.83249
58.3,1865.71,0.83253
58.4,1866.35,0.83258
58.5,1867.00,0.83262
58.6,1867.65,0.83267
58.7,1868.31,0.83271
58.8,1868.97,0.83276
58.9,1869.63,0.83280
59.0,1870.30,0.83285
59.1,1870.97,0.83289
59.2,1871.63,0.83294
59.3,1872.29,0.83298
59.4,1872.95,0.83302
59.5,1873.60,0.83307
59.6,1874.24,0.83311
59.7,1874.88,0.83316
59.8,1875.52,0.83320
59.9,1876.16,0.83325
60.0,1876.80,0.83329
60.1,1877.45,0.83334
60.2,1878.11,0.83338
60.3,1878.77,0.83342
60.4,1879.44,0.83347
60.5,1880.10,0.83351
60.6,1880.76,0.83356
60.7,1881.42,0.83360
60.8,1882.08,0.83365
60.9,1882.74,0.83369
61.0,1883.40,0.83373
61.1,1884.06,0.83378
61.2,1884.72,0.83382
61.3,1885.38,0.83387
61.4,1886.04,0.83391
61.5,1886.70,0.83396
61.6,1887.36,0.83400
61.7,1888.02,0.83404
61.8,1888.68,0.83409
61.9,1889.34,0.83413
62.0,1890.00,0.83418
62.1,1890.66,0.83422
62.2,1891.32,0.83426
62.3,1891.98,0.83431
62.4,1892.64,0.83435
62.5,1893.30,0.83440
62.6,1893.96,0.83444
62.7,1894.61,0.83448
62.8,1895.27,0.83453
62.9,1895.93,0.83457
63.0,1896.60,0.83462
63.1,1897.28,0.83466
63.2,1897.96,0.83470
63.3,1898.64,0.83475
63.4,1899.33,0.83479
63.5,1900.00,0.83484
63.6,1900.66,0.83488
63.7,1901.32,0.83492
63.8,1901.98,0.83497
63.9,1902.64,0.83501
64.0,1903.30,0.83506
64.1,1903.98,0.83510
64.2,1904.66,0.83514
64.3,1905.34,0.83519
64.4,1906.02,0.83523
64.5,1906.70,0.83528
64.6,1907.37,0.83532
64.7,1908.02,0.83536
64.8,1908.68,0.83541
64.9,1909.34,0.83545
65.0,1910.00,0.83549
65.1,1910.67,0.83554
65.2,1911.35,0.83558
65.3,1912.03,0.83563
65.4,1912.72,0.83567
65.5,1913.40,0.83571
65.6,1914.08,0.83576
65.7,1914.76,0.83580
65.8,1915.44,0.83584
65.9,1916.12,0.83589
66.0,1916.80,0.83593
66.1,1917.48,0.83597
66.2,1918.16,0.83602
66.3,1918.84,0.83606
66.4,1919.52,0.83611
66.5,1920.20,0.83615
66.6,1920.88,0.83619
66.7,1921.56,0.83624
66.8,1922.24,0.83628
66.9,1922.92,0.83632
67.0,1923.60,0.83637
67.1,1924.28,0.83641
67.2,1924.96,0.83645
67.3,1925.64,0.83650
67.4,1926.32,0.83654
67.5,1927.00,0.83658
67.6,1927.68,0.83663
67.7,1928.36,0.83667
67.8,1929.04,0.83671
67.9,1929.72,0.83676
68.0,1930.40,0.83680
68.1,1931.08,0.83684
68.2,1931.75,0.83689
68.3,1932.43,0.83693
68.4,1933.11,0.83697
68.5,1933.80,0.83702
68.6,1934.50,0.83706
68.7,1935.20,0.83710
68.8,1935.90,0.83715
68.9,1936.61,0.83719
69.0,1937.30,0.83723
69.1,1937.99,0.83728
69.2,1938.66,0.83732
69.3,1939.34,0.83736
69.4,1940.02,0.83741
69.5,1940.70,0.83745
69.6,1941.39,0.83749
69.7,1942.09,0.83754
69.8,1942.79,0.83758
69.9,1943.49,0.83762
70.0,1944.20,0.83767
70.1,1944.91,0.83771
70.2,1945.61,0.83775
70.3,1946.31,0.83779
70.4,1947.01,0.83784
70.5,1947.70,0.83788
70.6,1948.38,0.83792
70.7,1949.06,0.83797
70.8,1949.74,0.83801
70.9,1950.42,0.83805
71.0,1951.10,0.83810
71.1,1951.79,0.83814
71.2,1952.49,0.83818
71.3,1953.19,0.83822
71.4,1953.90,0.83827
71.5,1954.60,0.83831
71.6,1955.30,0.83835
71.7,1956.01,0.83840
71.8,1956.71,0.83844
71.9,1957.40,0.83848
72.0,1958.10,0.83852
72.1,1958.80,0.83857
72.2,1959.49,0.83861
72.3,1960.19,0.83865
72.4,1960.89,0.83870
72.5,1961.60,0.83874
72.6,1962.32,0.83878
72.7,1963.04,0.83882
72.8,1963.76,0.83887
72.9,1964.48,0.83891
73.0,1965.20,0.83895
73.1,1965.91,0.83899
73.2,1966.61,0.83904
73.3,1967.31,0.83908
73.4,1968.01,0.83912
73.5,1968.70,0.83917
73.6,1969.39,0.83921
73.7,1970.09,0.83925
73.8,1970.79,0.83929
73.9,1971.49,0.83934
74.0,1972.20,0.83938
74.1,1972.92,0.83942
74.2,1973.64,0.83946
74.3,1974.36,0.83951
74.4,1975.09,0.83955
74.5,1975.80,0.83959
74.6,1976.51,0.83963
74.7,1977.20,0.83968
74.8,1977.90,0.83972
74.9,1978.60,0.83976
75.0,1979.30,0.83980
75.1,1980.01,0.83985
75.2,1980.73,0.83989
75.3,1981.45,0.83993
75.4,1982.18,0.83997
75.5,1982.90,0.84002
75.6,1983.62,0.84006
75.7,1984.34,0.84010
75.8,1985.06,0.84014
75.9,1985.78,0.84018
76.0,1986.50,0.84023
76.1,1987.22,0.84027
76.2,1987.94,0.84031
76.3,1988.66,0.84035
76.4,1989.38,0.84040
76.5,1990.10,0.84044
76.6,1990.82,0.84048
76.7,1991.54,0.84052
76.8,1992.26,0.84056
76.9,1992.98,0.84061
77.0,1993.70,0.84065
77.1,1994.42,0.84069
77.2,1995.14,0.84073
77.3,1995.86,0.84078
77.4,1996.58,0.84082
77.5,1997.30,0.84086
77.6,1998.02,0.84090
77.7,1998.74,0.84094
77.8,1999.46,0.84099
77.9,2000.18,0.84103
78.0,2000.90,0.84107
78.1,2001.62,0.84111
78.2,2002.33,0.84115
78.3,2003.05,0.84120
78.4,2003.77,0.84124
78.5,2004.50,0.84128
78.6,2005.24,0.84132
78.7,2005.98,0.84136
78.8,2006.72,0.84141
78.9,2007.47,0.84145
79.0,2008.20,0.84149
79.1,2008.93,0.84153
79.2,2009.64,0.84157
79.3,2010.36,0.84162
79.4,2011.08,0.84166
79.5,2011.80,0.84170
79.6,2012.53,0.84174
79.7,2013.27,0.84178
79.8,2014.01,0.84182
79.9,2014.76,0.84187
80.0,2015.50,0.84191
80.1,2016.24,0.84195
80.2,2016.98,0.84199
80.3,2017.72,0.84203
80.4,2018.46,0.84208
80.5,2019.20,0.84212
80.6,2019.94,0.84216
80.7,2020.69,0.84220
80.8,2021.43,0.84224
80.9,2022.17,0.84228
81.0,2022.90,0.84233
81.1,2023.62,0.84237
81.2,2024.33,0.84241
81.3,2025.05,0.84245
81.4,2025.77,0.84249
81.5,2026.50,0.84253
81.6,2027.25,0.84257
81.7,2028.01,0.84262
81.8,2028.77,0.84266
81.9,2029.54,0.84270
82.0,2030.30,0.84274
82.1,2031.05,0.84278
82.2,2031.79,0.84282
82.3,2032.53,0.84287
82.4,2033.26,0.84291
82.5,2034.00,0.84295
82.6,2034.74,0.84299
82.7,2035.48,0.84303
82.8,2036.22,0.84307
82.9,2036.96,0.84311
83.0,2037.70,0.84316
83.1,2038.44,0.84320
83.2,2039.17,0.84324
83.3,2039.91,0.84328
83.4,2040.65,0.84332
83.5,2041.40,0.84336
83.6,2042.15,0.84340
83.7,2042.91,0.84344
83.8,2043.67,0.84349
83.9,2044.43,0.84353
84.0,2045.20,0.84357
84.1,2045.97,0.84361
84.2,2046.73,0.84365
84.3,2047.49,0.84369
84.4,2048.25,0.84373
84.5,2049.00,0.84377
84.6,2049.74,0.84382
84.7,2050.48,0.84386
84.8,2051.22,0.84390
84.9,2051.96,0.84394
85.0,2052.70,0.84398
85.1,2053.45,0.84402
85.2,2054.21,0.84406
85.3,2054.97,0.84410
85.4,2055.74,0.84414
85.5,2056.50,0.84419
85.6,2057.26,0.84423
85.7,2058.02,0.84427
85.8,2058.78,0.84431
85.9,2059.54,0.84435
86.0,2060.30,0.84439
86.1,2061.06,0.84443
86.2,2061.82,0.84447
86.3,2062.58,0.84451
86.4,2063.34,0.84455
86.5,2064.10,0.84460
86.6,2064.86,0.84464
86.7,2065.61,0.84468
86.8,2066.37,0.84472
86.9,2067.13,0.84476
87.0,2067.90,0.84480
87.1,2068.68,0.84484
87.2,2069.46,0.84488
87.3,2070.24,0.84492
87.4,2071.03,0.84496
87.5,2071.80,0.84500
87.6,2072.56,0.84504
87.7,2073.32,0.84509
87.8,2074.08,0.84513
87.9,2074.84,0.84517
88.0,2075.60,0.84521
88.1,2076.38,0.84525
88.2,2077.16,0.84529
88.3,2077.94,0.84533
88.4,2078.72,0.84537
88.5,2079.50,0.84541
88.6,2080.27,0.84545
88.7,2081.02,0.84549
88.8,2081.78,0.84553
88.9,2082.54,0.84557
89.0,2083.30,0.84561
89.1,2084.07,0.84566
89.2,2084.85,0.84570
89.3,2085.63,0.84574
89.4,2086.42,0.84578
89.5,2087.20,0.84582
89.6,2087.98,0.84586
89.7,2088.76,0.84590
89.8,2089.54,0.84594
89.9,2090.32,0.84598
90.0,2091.10,0.84602
90.1,2091.88,0.84606
90.2,2092.66,0.84610
90.3,2093.44,0.84614
90.4,2094.22,0.84618
90.5,2095.00,0.84622
90.6,2095.78,0.84626
90.7,2096.56,0.84630
90.8,2097.34,0.84634
90.9,2098.12,0.84638
91.0,2098.90,0.84642
91.1,2099.68,0.84646
91.2,2100.45,0.84650
91.3,2101.23,0.84654
91.4,2102.01,0.84658
91.5,2102.80,0.84663
91.6,2103.60,0.84667
91.7,2104.40,0.84671
91.8,2105.20,0.84675
91.9,2106.01,0.84679
92.0,2106.80,0.84683
92.1,2107.58,0.84687
92.2,2108.36,0.84691
92.3,2109.14,0.84695
92.4,2109.92,0.84699
92.5,2110.70,0.84703
92.6,2111.50,0.84707
92.7,2112.30,0.84711
92.8,2113.10,0.84715
92.9,2113.90,0.84719
93.0,2114.70,0.84723
93.1,2115.49,0.84727
93.2,2116.26,0.84731
93.3,2117.04,0.84735
93.4,2117.82,0.84739
93.5,2118.60,0.84743
93.6,2119.39,0.84747
93.7,2120.19,0.84751
93.8,2120.99,0.84755
93.9,2121.79,0.84759
94.0,2122.60,0.84763
94.1,2123.40,0.84767
94.2,2124.21,0.84771
94.3,2125.01,0.84775
94.4,2125.80,0.84779
94.5,2126.60,0.84783
94.6,2127.40,0.84787
94.7,2128.19,0.84791
94.8,2128.99,0.84795
94.9,2129.79,0.84799
95.0,2130.60,0.84803
95.1,2131.42,0.84807
95.2,2132.24,0.84811
95.3,2133.06,0.84815
95.4,2133.88,0.84819
95.5,2134.70,0.84823
95.6,2135.51,0.84826
95.7,2136.31,0.84830
95.8,2137.11,0.84834
95.9,2137.91,0.84838
96.0,2138.70,0.84842
96.1,2139.49,0.84846
96.2,2140.29,0.84850
96.3,2141.09,0.84854
96.4,2141.89,0.84858
96.5,2142.70,0.84862
96.6,2143.51,0.84866
96.7,2144.33,0.84870
96.8,2145.15,0.84874
96.9,2145.98,0.84878
97.0,2146.80,0.84882
97.1,2147.62,0.84886
97.2,2148.44,0.84890
97.3,2149.26,0.84894
97.4,2150.08,0.84898
97.5,2150.90,0.84902
97.6,2151.72,0.84906
97.7,2152.54,0.84910
97.8,2153.36,0.84914
97.9,2154.18,0.84918
98.0,2155.00,0.84921
98.1,2155.82,0.84925
98.2,2156.64,0.84929
98.3,2157.46,0.84933
98.4,2158.28,0.84937
98.5,2159.10,0.84941
98.6,2159.92,0.84945
98.7,2160.74,0.84949
98.8,2161.56,0.84953
98.9,2162.38,0.84957
99.0,2163.20,0.84961
99.1,2164.02,0.84965
99.2,2164.84,0.84969
99.3,2165.66,0.84973
99.4,2166.48,0.84976
99.5,2167.30,0.84980
99.6,2168.12,0.84984
99.7,2168.93,0.84988
99.8,2169.75,0.84992
99.9,2170.57,0.84996
100.0,2171.40,0.85000
100.1,2172.24,0.85004
100.2,2173.08,0.85008
100.3,2173.92,0.85012
100.4,2174.77,0.85016
100.5,2175.60,0.85020
100.6,2176.43,0.85023
100.7,2177.24,0.85027
100.8,2178.06,0.85031
100.9,2178.88,0.85035
101.0,2179.70,0.85039
101.1,2180.53,0.85043
101.2,2181.37,0.85047
101.3,2182.21,0.85051
101.4,2183.06,0.85055
101.5,2183.90,0.85059
101.6,2184.74,0.85062
101.7,2185.58,0.85066
101.8,2186.42,0.85070
101.9,2187.26,0.85074
102.0,2188.10,0.85078
102.1,2188.94,0.85082
102.2,2189.78,0.85086
102.3,2190.62,0.85090
102.4,2191.46,0.85094
102.5,2192.30,0.85097
102.6,2193.14,0.85101
102.7,2193.97,0.85105
102.8,2194.81,0.85109
102.9,2195.65,0.85113
103.0,2196.50,0.85117
103.1,2197.36,0.85121
103.2,2198.22,0.85125
103.3,2199.08,0.85128
103.4,2199.95,0.85132
103.5,2200.80,0.85136
103.6,2201.64,0.85140
103.7,2202.48,0.85144
103.8,2203.32,0.85148
103.9,2204.16,0.85152
104.0,2205.00,0.85156
104.1,2205.86,0.85159
104.2,2206.72,0.85163
104.3,2207.58,0.85167
104.4,2208.44,0.85171
104.5,2209.30,0.85175
104.6,2210.15,0.85179
104.7,2210.98,0.85183
104.8,2211.82,0.85186
104.9,2212.66,0.85190
105.0,2213.50,0.85194
105.1,2214.35,0.85198
105.2,2215.21,0.85202
105.3,2216.07,0.85206
105.4,2216.94,0.85209
105.5,2217.80,0.85213
105.6,2218.66,0.85217
105.7,2219.52,0.85221
105.8,2220.38,0.85225
105.9,2221.24,0.85229
106.0,2222.10,0.85232
106.1,2222.96,0.85236
106.2,2223.82,0.85240
106.3,2224.68,0.85244
106.4,2225.54,0.85248
106.5,2226.40,0.85252
106.6,2227.26,0.85255
106.7,2228.11,0.85259
106.8,2228.97,0.85263
106.9,2229.83,0.85267
107.0,2230.70,0.85271
107.1,2231.58,0.85275
107.2,2232.46,0.85278
107.3,2233.34,0.85282
107.4,2234.23,0.85286
107.5,2235.10,0.85290
107.6,2235.97,0.85294
107.7,2236.82,0.85298
107.8,2237.68,0.85301
107.9,2238.54,0.85305
108.0,2239.40,0.85309
108.1,2240.27,0.85313
108.2,2241.15,0.85317
108.3,2242.03,0.85320
108.4,2242.92,0.85324
108.5,2243.80,0.85328
108.6,2244.68,0.85332
108.7,2245.56,0.85336
108.8,2246.44,0.85339
108.9,2247.32,0.85343
109.0,2248.20,0.85347
109.1,2249.08,0.85351
109.2,2249.96,0.85355
109.3,2250.84,0.85358
109.4,2251.72,0.85362
109.5,2252.60,0.85366
109.6,2253.48,0.85370
109.7,2254.36,0.85374
109.8,2255.24,0.85377
109.9,2256.12,0.85381
110.0,2257.00,0.85385
110.1,2257.88,0.85389
110.2,2258.75,0.85392
110.3,2259.63,0.85396
110.4,2260.51,0.85400
110.5,2261.40,0.85404
110.6,2262.30,0.85408
110.7,2263.20,0.85411
110.8,2264.10,0.85415
110.9,2265.01,0.85419
111.0,2265.90,0.85423
111.1,2266.79,0.85426
111.2,2267.66,0.85430
111.3,2268.54,0.85434
111.4,2269.42,0.85438
111.5,2270.30,0.85441
111.6,2271.19,0.85445
111.7,2272.09,0.85449
111.8,2272.99,0.85453
111.9,2273.90,0.85457
112.0,2274.80,0.85460
112.1,2275.70,0.85464
112.2,2276.60,0.85468
112.3,2277.50,0.85472
112.4,2278.40,0.85475
112.5,2279.30,0.85479
112.6,2280.20,0.85483
112.7,2281.10,0.85487
112.8,2282.00,0.85490
112.9,2282.90,0.85494
113.0,2283.80,0.85498
113.1,2284.70,0.85502
113.2,2285.60,0.85505
113.3,2286.50,0.85509
113.4,2287.40,0.85513
113.5,2288.30,0.85516
113.6,2289.20,0.85520
113.7,2290.09,0.85524
113.8,2290.99,0.85528
113.9,2291.89,0.85531
114.0,2292.80,0.85535
114.1,2293.72,0.85539
114.2,2294.64,0.85543
114.3,2295.56,0.85546
114.4,2296.49,0.85550
114.5,2297.40,0.85554
114.6,2298.31,0.85558
114.7,2299.20,0.85561
114.8,2300.10,0.85565
114.9,2301.00,0.85569
115.0,2301.90,0.85572
115.1,2302.81,0.85576
115.2,2303.73,0.85580
115.3,2304.65,0.85584
115.4,2305.58,0.85587
115.5,2306.50,0.85591
115.6,2307.42,0.85595
115.7,2308.34,0.85598
115.8,2309.26,0.85602
115.9,2310.18,0.85606
116.0,2311.10,0.85609
116.1,2312.02,0.85613
116.2,2312.94,0.85617
116.3,2313.86,0.85621
116.4,2314.78,0.85624
116.5,2315.70,0.85628
116.6,2316.62,0.85632
116.7,2317.54,0.85635
116.8,2318.46,0.85639
116.9,2319.38,0.85643
117.0,2320.30,0.85646
117.1,2321.22,0.85650
117.2,2322.13,0.85654
117.3,2323.05,0.85658
117.4,2323.97,0.85661
117.5,2324.90,0.85665
117.6,2325.83,0.85669
117.7,2326.77,0.85672
117.8,2327.71,0.85676
117.9,2328.66,0.85680
118.0,2329.60,0.85683
118.1,2330.54,0.85687
118.2,2331.48,0.85691
118.3,2332.42,0.85694
118.4,2333.36,0.85698
118.5,2334.30,0.85702
118.6,2335.24,0.85705
118.7,2336.18,0.85709
118.8,2337.12,0.85713
118.9,2338.06,0.85716
119.0,2339.00,0.85720
119.1,2339.94,0.85724
119.2,2340.88,0.85727
119.3,2341.82,0.85731
119.4,2342.76,0.85735
119.5,2343.70,0.85738
119.6,2344.64,0.85742
119.7,2345.58,0.85746
119.8,2346.52,0.85749
119.9,2347.46,0.85753
120.0,2348.40,0.85757
120.1,2349.34,0.85760
120.2,2350.28,0.85764
120.3,2351.22,0.85768
120.4,2352.16,0.85771
120.5,2353.10,0.85775
120.6,2354.04,0.85778
120.7,2354.97,0.85782
120.8,2355.91,0.85786
120.9,2356.85,0.85789
121.0,2357.80,0.85793
121.1,2358.75,0.85797
121.2,2359.71,0.85800
121.3,2360.67,0.85804
121.4,2361.64,0.85808
121.5,2362.60,0.85811
121.6,2363.56,0.85815
121.7,2364.52,0.85818
121.8,2365.48,0.85822
121.9,2366.44,0.85826
122.0,2367.40,0.85829
122.1,2368.36,0.85833
122.2,2369.32,0.85837
122.3,2370.28,0.85840
122.4,2371.24,0.85844
122.5,2372.20,0.85847
122.6,2373.16,0.85851
122.7,2374.12,0.85855
122.8,2375.08,0.85858
122.9,2376.04,0.85862
123.0,2377.00,0.85866
123.1,2377.96,0.85869
123.2,2378.91,0.85873
123.3,2379.87,0.85876
123.4,2380.83,0.85880
123.5,2381.80,0.85884
123.6,2382.78,0.85887
123.7,2383.76,0.85891
123.8,2384.74,0.85894
123.9,2385.73,0.85898
124.0,2386.70,0.85902
124.1,2387.67,0.85905
124.2,2388.62,0.85909
124.3,2389.58,0.85912
124.4,2390.54,0.85916
124.5,2391.50,0.85920
124.6,2392.47,0.85923
124.7,2393.45,0.85927
124.8,2394.43,0.85930
124.9,2395.41,0.85934
125.0,2396.40,0.85938
125.1,2397.38,0.85941
125.2,2398.37,0.85945
125.3,2399.35,0.85948
125.4,2400.32,0.85952
125.5,2401.30,0.85955
125.6,2402.27,0.85959
125.7,2403.25,0.85963
125.8,2404.23,0.85966
125.9,2405.21,0.85970
126.0,2406.20,0.85973
126.1,2407.20,0.85977
126.2,2408.20,0.85980
126.3,2409.20,0.85984
126.4,2410.21,0.85988
126.5,2411.20,0.85991
126.6,2412.19,0.85995
126.7,2413.16,0.85998
126.8,2414.14,0.86002
126.9,2415.12,0.86005
127.0,2416.10,0.86009
127.1,2417.09,0.86013
127.2,2418.09,0.86016
127.3,2419.09,0.86020
127.4,2420.10,0.86023
127.5,2421.10,0.86027
127.6,2422.10,0.86030
127.7,2423.10,0.86034
127.8,2424.10,0.86037
127.9,2425.10,0.86041
128.0,2426.10,0.86045
128.1,2427.10,0.86048
128.2,2428.10,0.86052
128.3,2429.10,0.86055
128.4,2430.10,0.86059
128.5,2431.10,0.86062
128.6,2432.10,0.86066
128.7,2433.10,0.86069
128.8,2434.10,0.86073
128.9,2435.10,0.86076
129.0,2436.10,0.86080
129.1,2437.10,0.86083
129.2,2438.09,0.86087
129.3,2439.09,0.86091
129.4,2440.09,0.86094
129.5,2441.10,0.86098
129.6,2442.11,0.86101
129.7,2443.13,0.86105
129.8,2444.15,0.86108
129.9,2445.17,0.86112
130.0,2446.20,0.86115
130.1,2447.23,0.86119
130.2,2448.25,0.86122
130.3,2449.28,0.86126
130.4,2450.29,0.86129
130.5,2451.30,0.86133
130.6,2452.30,0.86136
130.7,2453.29,0.86140
130.8,2454.29,0.86143
130.9,2455.29,0.86147
131.0,2456.30,0.86150
131.1,2457.33,0.86154
131.2,2458.37,0.86157
131.3,2459.41,0.86161
131.4,2460.46,0.86164
131.5,2461.50,0.86168
131.6,2462.53,0.86171
131.7,2463.56,0.86175
131.8,2464.57,0.86178
131.9,2465.59,0.86182
132.0,2466.60,0.86185
132.1,2467.61,0.86189
132.2,2468.63,0.86192
132.3,2469.65,0.86196
132.4,2470.67,0.86199
132.5,2471.70,0.86203
132.6,2472.73,0.86206
132.7,2473.77,0.86210
132.8,2474.81,0.86213
132.9,2475.86,0.86217
133.0,2476.90,0.86220
133.1,2477.94,0.86224
133.2,2478.98,0.86227
133.3,2480.02,0.86231
133.4,2481.06,0.86234
133.5,2482.10,0.86238
133.6,2483.14,0.86241
133.7,2484.18,0.86245
133.8,2485.22,0.86248
133.9,2486.26,0.86251
134.0,2487.30,0.86255
134.1,2488.34,0.86258
134.2,2489.38,0.86262
134.3,2490.42,0.86265
134.4,2491.46,0.86269
134.5,2492.50,0.86272
134.6,2493.54,0.86276
134.7,2494.57,0.86279
134.8,2495.61,0.86283
134.9,2496.65,0.86286
135.0,2497.70,0.86290
135.1,2498.75,0.86293
135.2,2499.81,0.86296
135.3,2500.87,0.86300
135.4,2501.94,0.86303
135.5,2503.00,0.86307
135.6,2504.06,0.86310
135.7,2505.12,0.86314
135.8,2506.18,0.86317
135.9,2507.24,0.86321
136.0,2508.30,0.86324
136.1,2509.36,0.86328
136.2,2510.42,0.86331
136.3,2511.48,0.86334
136.4,2512.54,0.86338
136.5,2513.60,0.86341
136.6,2514.66,0.86345
136.7,2515.72,0.86348
136.8,2516.78,0.86352
136.9,2517.84,0.86355
137.0,2518.90,0.86358
137.1,2519.96,0.86362
137.2,2521.01,0.86365
137.3,2522.07,0.86369
137.4,2523.13,0.86372
137.5,2524.20,0.86376
137.6,2525.28,0.86379
137.7,2526.36,0.86382
137.8,2527.44,0.86386
137.9,2528.52,0.86389
138.0,2529.60,0.86393
138.1,2530.67,0.86396
138.2,2531.73,0.86399
138.3,2532.78,0.86403
138.4,2533.84,0.86406
138.5,2534.90,0.86410
138.6,2535.97,0.86413
138.7,2537.04,0.86417
138.8,2538.12,0.86420
138.9,2539.21,0.86423
139.0,2540.30,0.86427
139.1,2541.40,0.86430
139.2,2542.50,0.86434
139.3,2543.60,0.86437
139.4,2544.70,0.86440
139.5,2545.80,0.86444
139.6,2546.89,0.86447
139.7,2547.97,0.86450
139.8,2549.05,0.86454
139.9,2550.13,0.86457
140.0,2551.20,0.86461
140.1,2552.27,0.86464
140.2,2553.35,0.86467
140.3,2554.43,0.86471
140.4,2555.51,0.86474
140.5,2556.60,0.86478
140.6,2557.69,0.86481
140.7,2558.79,0.86484
140.8,2559.89,0.86488
140.9,2561.00,0.86491
141.0,2562.10,0.86494
141.1,2563.20,0.86498
141.2,2564.30,0.86501
141.3,2565.40,0.86505
141.4,2566.50,0.86508
141.5,2567.60,0.86511
141.6,2568.70,0.86515
141.7,2569.79,0.86518
141.8,2570.89,0.86521
141.9,2571.99,0.86525
142.0,2573.10,0.86528
142.1,2574.22,0.86532
142.2,2575.34,0.86535
142.3,2576.46,0.86538
142.4,2577.59,0.86542
142.5,2578.70,0.86545
142.6,2579.81,0.86548
142.7,2580.90,0.86552
142.8,2582.00,0.86555
142.9,2583.10,0.86558
143.0,2584.20,0.86562
143.1,2585.31,0.86565
143.2,2586.43,0.86568
143.3,2587.55,0.86572
143.4,2588.67,0.86575
143.5,2589.80,0.86578
143.6,2590.92,0.86582
143.7,2592.05,0.86585
143.8,2593.17,0.86589
143.9,2594.28,0.86592
144.0,2595.40,0.86595
144.1,2596.51,0.86599
144.2,2597.63,0.86602
144.3,2598.75,0.86605
144.4,2599.87,0.86609
144.5,2601.00,0.86612
144.6,2602.14,0.86615
144.7,2603.28,0.86619
144.8,2604.42,0.86622
144.9,2605.57,0.86625
145.0,2606.70,0.86628
145.1,2607.83,0.86632
145.2,2608.94,0.86635
145.3,2610.06,0.86638
145.4,2611.18,0.86642
145.5,2612.30,0.86645
145.6,2613.43,0.86648
145.7,2614.57,0.86652
145.8,2615.71,0.86655
145.9,2616.86,0.86658
146.0,2618.00,0.86662
146.1,2619.14,0.86665
146.2,2620.28,0.86668
146.3,2621.42,0.86672
146.4,2622.56,0.86675
146.5,2623.70,0.86678
146.6,2624.84,0.86681
146.7,2625.97,0.86685
146.8,2627.11,0.86688
146.9,2628.25,0.86691
147.0,2629.40,0.86695
147.1,2630.55,0.86698
147.2,2631.71,0.86701
147.3,2632.87,0.86705
147.4,2634.03,0.86708
147.5,2635.20,0.86711
147.6,2636.37,0.86714
147.7,2637.53,0.86718
147.8,2638.70,0.86721
147.9,2639.85,0.86724
148.0,2641.00,0.86728
148.1,2642.14,0.86731
148.2,2643.27,0.86734
148.3,2644.41,0.86737
148.4,2645.55,0.86741
148.5,2646.70,0.86744
148.6,2647.87,0.86747
148.7,2649.05,0.86751
148.8,2650.24,0.86754
148.9,2651.42,0.86757
149.0,2652.60,0.86760
149.1,2653.77,0.86764
149.2,2654.92,0.86767
149.3,2656.08,0.86770
149.4,2657.24,0.86773
149.5,2658.40,0.86777
149.6,2659.57,0.86780
149.7,2660.76,0.86783
149.8,2661.94,0.86786
149.9,2663.12,0.86790
150.0,2664.30,0.86793
150.1,2665.47,0.86796
150.2,2666.63,0.86800
150.3,2667.78,0.86803
150.4,2668.94,0.86806
150.5,2670.10,0.86809
150.6,2671.27,0.86813
150.7,2672.44,0.86816
150.8,2673.62,0.86819
150.9,2674.81,0.86822
151.0,2676.00,0.86826
151.1,2677.20,0.86829
151.2,2678.40,0.86832
151.3,2679.61,0.86835
151.4,2680.81,0.86838
151.5,2682.00,0.86842
151.6,2683.18,0.86845
151.7,2684.36,0.86848
151.8,2685.54,0.86851
151.9,2686.72,0.86855
152.0,2687.90,0.86858
152.1,2689.09,0.86861
152.2,2690.29,0.86864
152.3,2691.49,0.86868
152.4,2692.69,0.86871
152.5,2693.90,0.86874
152.6,2695.10,0.86877
152.7,2696.31,0.86880
152.8,2697.51,0.86884
152.9,2698.70,0.86887
153.0,2699.90,0.86890
153.1,2701.09,0.86893
153.2,2702.29,0.86897
153.3,2703.49,0.86900
153.4,2704.69,0.86903
153.5,2705.90,0.86906
153.6,2707.12,0.86909
153.7,2708.34,0.86913
153.8,2709.56,0.86916
153.9,2710.79,0.86919
154.0,2712.00,0.86922
154.1,2713.21,0.86925
154.2,2714.40,0.86929
154.3,2715.60,0.86932
154.4,2716.80,0.86935
154.5,2718.00,0.86938
154.6,2719.21,0.86941
154.7,2720.43,0.86945
154.8,2721.65,0.86948
154.9,2722.88,0.86951
155.0,2724.10,0.86954
155.1,2725.32,0.86957
155.2,2726.54,0.86961
155.3,2727.75,0.86964
155.4,2728.98,0.86967
155.5,2730.20,0.86970
155.6,2731.43,0.86973
155.7,2732.67,0.86977
155.8,2733.91,0.86980
155.9,2735.15,0.86983
156.0,2736.40,0.86986
156.1,2737.65,0.86989
156.2,2738.89,0.86992
156.3,2740.14,0.86996
156.4,2741.37,0.86999
156.5,2742.60,0.87002
156.6,2743.82,0.87005
156.7,2745.03,0.87008
156.8,2746.25,0.87011
156.9,2747.47,0.87015
157.0,2748.70,0.87018
157.1,2749.95,0.87021
157.2,2751.21,0.87024
157.3,2752.48,0.87027
157.4,2753.74,0.87030
157.5,2755.00,0.87034
157.6,2756.25,0.87037
157.7,2757.49,0.87040
157.8,2758.72,0.87043
157.9,2759.96,0.87046
158.0,2761.20,0.87049
158.1,2762.45,0.87053
158.2,2763.71,0.87056
158.3,2764.97,0.87059
158.4,2766.24,0.87062
158.5,2767.50,0.87065
158.6,2768.76,0.87068
158.7,2770.02,0.87071
158.8,2771.28,0.87075
158.9,2772.54,0.87078
159.0,2773.80,0.87081
159.1,2775.06,0.87084
159.2,2776.32,0.87087
159.3,2777.58,0.87090
159.4,2778.84,0.87093
159.5,2780.10,0.87097
159.6,2781.36,0.87100
159.7,2782.61,0.87103
159.8,2783.87,0.87106
159.9,2785.13,0.87109
160.0,2786.40,0.87112
160.1,2787.67,0.87115
160.2,2788.95,0.87118
160.3,2790.23,0.87122
160.4,2791.52,0.87125
160.5,2792.80,0.87128
160.6,2794.08,0.87131
160.7,2795.36,0.87134
160.8,2796.64,0.87137
160.9,2797.92,0.87140
161.0,2799.20,0.87143
161.1,2800.48,0.87147
161.2,2801.76,0.87150
161.3,2803.04,0.87153
161.4,2804.32,0.87156
161.5,2805.60,0.87159
161.6,2806.88,0.87162
161.7,2808.15,0.87165
161.8,2809.43,0.87168
161.9,2810.71,0.87171
162.0,2812.00,0.87174
162.1,2813.29,0.87178
162.2,2814.59,0.87181
162.3,2815.89,0.87184
162.4,2817.20,0.87187
162.5,2818.50,0.87190
162.6,2819.80,0.87193
162.7,2821.10,0.87196
162.8,2822.40,0.87199
162.9,2823.70,0.87202
163.0,2825.00,0.87205
163.1,2826.30,0.87208
163.2,2827.59,0.87212
163.3,2828.89,0.87215
163.4,2830.19,0.87218
163.5,2831.50,0.87221
163.6,2832.81,0.87224
163.7,2834.13,0.87227
163.8,2835.45,0.87230
163.9,2836.78,0.87233
164.0,2838.10,0.87236
164.1,2839.42,0.87239
164.2,2840.74,0.87242
164.3,2842.06,0.87245
164.4,2843.38,0.87248
164.5,2844.70,0.87252
164.6,2846.02,0.87255
164.7,2847.34,0.87258
164.8,2848.66,0.87261
164.9,2849.98,0.87264
165.0,2851.30,0.87267
165.1,2852.62,0.87270
165.2,2853.93,0.87273
165.3,2855.25,0.87276
165.4,2856.57,0.87279
165.5,2857.90,0.87282
165.6,2859.24,0.87285
165.7,2860.58,0.87288
165.8,2861.93,0.87291
165.9,2863.27,0.87294
166.0,2864.60,0.87297
166.1,2865.92,0.87300
166.2,2867.24,0.87303
166.3,2868.55,0.87307
166.4,2869.87,0.87310
166.5,2871.20,0.87313
166.6,2872.55,0.87316
166.7,2873.91,0.87319
166.8,2875.27,0.87322
166.9,2876.64,0.87325
167.0,2878.00,0.87328
167.1,2879.35,0.87331
167.2,2880.69,0.87334
167.3,2882.02,0.87337
167.4,2883.36,0.87340
167.5,2884.70,0.87343
167.6,2886.05,0.87346
167.7,2887.41,0.87349
167.8,2888.77,0.87352
167.9,2890.13,0.87355
168.0,2891.50,0.87358
168.1,2892.86,0.87361
168.2,2894.23,0.87364
168.3,2895.59,0.87367
168.4,2896.94,0.87370
168.5,2898.30,0.87373
168.6,2899.65,0.87376
168.7,2901.01,0.87379
168.8,2902.37,0.87382
168.9,2903.73,0.87385
169.0,2905.10,0.87388
169.1,2906.48,0.87391
169.2,2907.86,0.87394
169.3,2909.25,0.87397
169.4,2910.63,0.87400
169.5,2912.00,0.87403
169.6,2913.36,0.87406
169.7,2914.71,0.87409
169.8,2916.07,0.87412
169.9,2917.43,0.87415
170.0,2918.80,0.87418
170.1,2920.19,0.87421
170.2,2921.59,0.87424
170.3,2922.99,0.87427
170.4,2924.40,0.87430
170.5,2925.80,0.87433
170.6,2927.19,0.87436
170.7,2928.57,0.87439
170.8,2929.94,0.87442
170.9,2931.32,0.87445
171.0,2932.70,0.87448
171.1,2934.09,0.87451
171.2,2935.49,0.87454
171.3,2936.89,0.87457
171.4,2938.29,0.87460
171.5,2939.70,0.87463
171.6,2941.10,0.87466
171.7,2942.51,0.87469
171.8,2943.90,0.87472
171.9,2945.30,0.87475
172.0,2946.70,0.87478
172.1,2948.10,0.87481
172.2,2949.49,0.87484
172.3,2950.89,0.87487
172.4,2952.29,0.87490
172.5,2953.70,0.87493
172.6,2955.11,0.87496
172.7,2956.53,0.87499
172.8,2957.95,0.87502
172.9,2959.38,0.87505
173.0,2960.80,0.87508
173.1,2962.22,0.87510
173.2,2963.64,0.87513
173.3,2965.07,0.87516
173.4,2966.48,0.87519
173.5,2967.90,0.87522
173.6,2969.31,0.87525
173.7,2970.73,0.87528
173.8,2972.15,0.87531
173.9,2973.57,0.87534
174.0,2975.00,0.87537
174.1,2976.44,0.87540
174.2,2977.88,0.87543
174.3,2979.33,0.87546
174.4,2980.77,0.87549
174.5,2982.20,0.87552
174.6,2983.62,0.87555
174.7,2985.03,0.87558
174.8,2986.45,0.87560
174.9,2987.87,0.87563
175.0,2989.30,0.87566
175.1,2990.75,0.87569
175.2,2992.21,0.87572
175.3,2993.68,0.87575
175.4,2995.14,0.87578
175.5,2996.60,0.87581
175.6,2998.05,0.87584
175.7,2999.49,0.87587
175.8,3000.92,0.87590
175.9,3002.36,0.87593
176.0,3003.80,0.87596
176.1,3005.25,0.87598
176.2,3006.71,0.87601
176.3,3008.17,0.87604
176.4,3009.64,0.87607
176.5,3011.10,0.87610
176.6,3012.56,0.87613
176.7,3014.01,0.87616
176.8,3015.47,0.87619
176.9,3016.93,0.87622
177.0,3018.40,0.87625
177.1,3019.88,0.87628
177.2,3021.36,0.87630
177.3,3022.84,0.87633
177.4,3024.32,0.87636
177.5,3025.80,0.87639
177.6,3027.27,0.87642
177.7,3028.73,0.87645
177.8,3030.18,0.87648
177.9,3031.64,0.87651
178.0,3033.10,0.87654
178.1,3034.57,0.87657
178.2,3036.04,0.87659
178.3,3037.52,0.87662
178.4,3039.01,0.87665
178.5,3040.50,0.87668
178.6,3042.00,0.87671
178.7,3043.49,0.87674
178.8,3045.00,0.87677
178.9,3046.50,0.87680
179.0,3048.00,0.87682
179.1,3049.50,0.87685
179.2,3051.00,0.87688
179.3,3052.50,0.87691
179.4,3054.00,0.87694
179.5,3055.50,0.87697
179.6,3057.00,0.87700
179.7,3058.50,0.87703
179.8,3060.00,0.87705
179.9,3061.50,0.87708
180.0,3063.00,0.87711
180.1,3064.50,0.87714
180.2,3065.99,0.87717
180.3,3067.49,0.87720
180.4,3068.99,0.87723
180.5,3070.50,0.87725
180.6,3072.01,0.87728
180.7,3073.53,0.87731
180.8,3075.05,0.87734
180.9,3076.58,0.87737
181.0,3078.10,0.87740
181.1,3079.62,0.87743
181.2,3081.14,0.87745
181.3,3082.66,0.87748
181.4,3084.18,0.87751
181.5,3085.70,0.87754
181.6,3087.22,0.87757
181.7,3088.73,0.87760
181.8,3090.25,0.87763
181.9,3091.77,0.87765
182.0,3093.30,0.87768
182.1,3094.83,0.87771
182.2,3096.37,0.87774
182.3,3097.92,0.87777
182.4,3099.46,0.87780
182.5,3101.00,0.87782
182.6,3102.54,0.87785
182.7,3104.08,0.87788
182.8,3105.61,0.87791
182.9,3107.15,0.87794
183.0,3108.70,0.87796
183.1,3110.25,0.87799
183.2,3111.81,0.87802
183.3,3113.37,0.87805
183.4,3114.94,0.87808
183.5,3116.50,0.87811
183.6,3118.06,0.87813
183.7,3119.62,0.87816
183.8,3121.18,0.87819
183.9,3122.74,0.87822
184.0,3124.30,0.87825
184.1,3125.86,0.87827
184.2,3127.42,0.87830
184.3,3128.98,0.87833
184.4,3130.54,0.87836
184.5,3132.10,0.87839
184.6,3133.66,0.87842
184.7,3135.21,0.87844
184.8,3136.77,0.87847
184.9,3138.33,0.87850
185.0,3139.90,0.87853
185.1,3141.47,0.87856
185.2,3143.05,0.87858
185.3,3144.64,0.87861
185.4,3146.22,0.87864
185.5,3147.80,0.87867
185.6,3149.38,0.87869
185.7,3150.96,0.87872
185.8,3152.53,0.87875
185.9,3154.11,0.87878
186.0,3155.70,0.87881
186.1,3157.29,0.87883
186.2,3158.89,0.87886
186.3,3160.49,0.87889
186.4,3162.10,0.87892
186.5,3163.70,0.87895
186.6,3165.30,0.87897
186.7,3166.90,0.87900
186.8,3168.50,0.87903
186.9,3170.10,0.87906
187.0,3171.70,0.87908
187.1,3173.30,0.87911
187.2,3174.89,0.87914
187.3,3176.49,0.87917
187.4,3178.09,0.87919
187.5,3179.70,0.87922
187.6,3181.31,0.87925
187.7,3182.93,0.87928
187.8,3184.56,0.87931
187.9,3186.18,0.87933
188.0,3187.80,0.87936
188.1,3189.42,0.87939
188.2,3191.03,0.87942
188.3,3192.65,0.87944
188.4,3194.27,0.87947
188.5,3195.90,0.87950
188.6,3197.54,0.87953
188.7,3199.18,0.87955
188.8,3200.83,0.87958
188.9,3202.47,0.87961
189.0,3204.10,0.87964
189.1,3205.72,0.87966
189.2,3207.34,0.87969
189.3,3208.95,0.87972
189.4,3210.57,0.87975
189.5,3212.20,0.87977
189.6,3213.85,0.87980
189.7,3215.51,0.87983
189.8,3217.17,0.87985
189.9,3218.84,0.87988
190.0,3220.50,0.87991
190.1,3222.15,0.87994
190.2,3223.79,0.87996
190.3,3225.43,0.87999
190.4,3227.06,0.88002
190.5,3228.70,0.88005
190.6,3230.35,0.88007
190.7,3232.00,0.88010
190.8,3233.66,0.88013
190.9,3235.33,0.88015
191.0,3237.00,0.88018
191.1,3238.68,0.88021
191.2,3240.37,0.88024
191.3,3242.05,0.88026
191.4,3243.73,0.88029
191.5,3245.40,0.88032
191.6,3247.06,0.88035
191.7,3248.71,0.88037
191.8,3250.37,0.88040
191.9,3252.03,0.88043
192.0,3253.70,0.88045
192.1,3255.39,0.88048
192.2,3257.09,0.88051
192.3,3258.80,0.88053
192.4,3260.50,0.88056
192.5,3262.20,0.88059
192.6,3263.89,0.88062
192.7,3265.57,0.88064
192.8,3267.24,0.88067
192.9,3268.92,0.88070
193.0,3270.60,0.88072
193.1,3272.29,0.88075
193.2,3273.99,0.88078
193.3,3275.69,0.88080
193.4,3277.40,0.88083
193.5,3279.10,0.88086
193.6,3280.80,0.88088
193.7,3282.50,0.88091
193.8,3284.19,0.88094
193.9,3285.89,0.88097
194.0,3287.60,0.88099
194.1,3289.31,0.88102
194.2,3291.03,0.88105
194.3,3292.76,0.88107
194.4,3294.48,0.88110
194.5,3296.20,0.88113
194.6,3297.92,0.88115
194.7,3299.64,0.88118
194.8,3301.35,0.88121
194.9,3303.07,0.88123
195.0,3304.80,0.88126
195.1,3306.53,0.88129
195.2,3308.27,0.88131
195.3,3310.02,0.88134
195.4,3311.76,0.88137
195.5,3313.50,0.88139
195.6,3315.24,0.88142
195.7,3316.97,0.88145
195.8,3318.71,0.88147
195.9,3320.45,0.88150
196.0,3322.20,0.88153
196.1,3323.96,0.88155
196.2,3325.72,0.88158
196.3,3327.49,0.88160
196.4,3329.25,0.88163
196.5,3331.00,0.88166
196.6,3332.74,0.88168
196.7,3334.47,0.88171
196.8,3336.21,0.88174
196.9,3337.95,0.88176
197.0,3339.70,0.88179
197.1,3341.47,0.88182
197.2,3343.25,0.88184
197.3,3345.04,0.88187
197.4,3346.82,0.88190
197.5,3348.60,0.88192
197.6,3350.36,0.88195
197.7,3352.12,0.88197
197.8,3353.87,0.88200
197.9,3355.63,0.88203
198.0,3357.40,0.88205
198.1,3359.19,0.88208
198.2,3360.99,0.88211
198.3,3362.79,0.88213
198.4,3364.60,0.88216
198.5,3366.40,0.88218
198.6,3368.19,0.88221
198.7,3369.97,0.88224
198.8,3371.74,0.88226
198.9,3373.52,0.88229
199.0,3375.30,0.88232
199.1,3377.09,0.88234
199.2,3378.88,0.88237
199.3,3380.68,0.88239
199.4,3382.49,0.88242
199.5,3384.30,0.88245
199.6,3386.12,0.88247
199.7,3387.93,0.88250
199.8,3389.75,0.88252
199.9,3391.58,0.88255
200.0,3393.40,0.88258
